setting,actual_gaze_ratio,non_padded_gazes,reconstruction_loss,pixel_mae,pixel_mse,psnr,ssim,gaze_seconds,reconstruction_seconds
ratio_0.10,0.09811320754716982,416.0,1.2927840650081635,0.029818062321282923,0.003305499387352029,25.056066920084508,0.8383642891421914,0.4686612600053195,0.13741714946809225
ratio_0.25,0.2490566037735849,1056.0,0.9253919720649719,0.021845246228622273,0.0017021328749251552,27.753116083666427,0.9032263988628983,0.7907317489734851,0.11305742655531503
ratio_0.50,0.4981132075471698,2112.0,0.8093154281377792,0.019270579563453794,0.001265010898350738,28.99792323382948,0.9214481106027961,1.491288407734828,0.11621983224176802
ratio_0.75,0.7471698113207547,3168.0,0.7018982619047165,0.017920372367370874,0.001112373148316692,29.548687265102462,0.933522985316813,2.1793356497364584,0.1328338187886402
ratio_0.75_task_0.70,0.05277122641509434,223.75,0.9397634118795395,0.02508476033108309,0.0022899333671375643,26.80931121805097,0.8875083774328232,0.2738489627663512,0.11576127278385684
ratio_1.00,1.0,4240.0,0.7173841744661331,0.018946964613860473,0.0011565762033569627,29.380221262048302,0.9270432190969586,3.1801994205161463,0.16197946274769492
task_0.70,0.06833726415094339,289.75,0.806675374507904,0.023761699339956976,0.0021970505122226314,27.12976568026614,0.9065256044268608,0.336866412719246,0.12031912198290229
